,Cluster 0,Cluster 1,Cluster 2,Cluster 3,Cluster 4,Cluster 5,Cluster 6,Cluster 7,Cluster 8,Cluster 9
Median Score,5442.0,3493.0,3461.0,3105.0,3206.5,3346.5,2995.0,3861.0,3047.5,3374.0
Variance Score,11986603.914285716,5578614.706736353,9295298.75225225,865641.7958333333,2837044.8246153845,1179622.5291666656,3372624.8967213137,4716979.641025636,1643098.8181818188,1403144.5904761902
